"DT","EnDemProfile"
2017-05-15 04:00:00,1010.18063388162
2017-05-15 04:01:00,1010.18063388162
2017-05-15 04:02:00,1010.18063388162
2017-05-15 04:03:00,1010.18063388162
2017-05-15 04:04:00,1010.18063388162
2017-05-15 04:05:00,1010.18063388162
2017-05-15 04:06:00,1010.18063388162
2017-05-15 04:07:00,1010.18063388162
2017-05-15 04:08:00,1010.18063388162
2017-05-15 04:09:00,1013.83555740878
2017-05-15 04:10:00,1013.53675014602
2017-05-15 04:11:00,1013.53675014602
2017-05-15 04:12:00,1013.53675014602
2017-05-15 04:13:00,1013.53675014602
2017-05-15 04:14:00,1013.53675014602
2017-05-15 04:15:00,1013.53675014602
2017-05-15 04:16:00,1013.53675014602
2017-05-15 04:17:00,1013.53675014602
2017-05-15 04:18:00,1013.53675014602
2017-05-15 04:19:00,1018.27424843567
2017-05-15 04:20:00,1015.42225363272
2017-05-15 04:21:00,1015.42225363272
2017-05-15 04:22:00,1015.42225363272
2017-05-15 04:23:00,1015.42225363272
2017-05-15 04:24:00,1015.42225363272
2017-05-15 04:25:00,1015.42225363272
2017-05-15 04:26:00,1015.42225363272
2017-05-15 04:27:00,1015.42225363272
2017-05-15 04:28:00,1015.42225363272
2017-05-15 04:29:00,1018.84122793438
2017-05-15 04:30:00,1010.50912220065
2017-05-15 04:31:00,1010.50912220065
2017-05-15 04:32:00,1010.50912220065
2017-05-15 04:33:00,1010.50912220065
2017-05-15 04:34:00,1010.50912220065
2017-05-15 04:35:00,1010.50912220065
2017-05-15 04:36:00,1010.50912220065
2017-05-15 04:37:00,1010.50912220065
2017-05-15 04:38:00,1010.50912220065
2017-05-15 04:39:00,1017.90731304844
2017-05-15 04:40:00,1015.67307583559
2017-05-15 04:41:00,1015.67307583559
2017-05-15 04:42:00,1015.67307583559
2017-05-15 04:43:00,1015.67307583559
2017-05-15 04:44:00,1015.67307583559
2017-05-15 04:45:00,1015.67307583559
2017-05-15 04:46:00,1015.67307583559
2017-05-15 04:47:00,1015.67307583559
2017-05-15 04:48:00,1015.67307583559
2017-05-15 04:49:00,1020.12641247678
2017-05-15 04:50:00,1017.80195412477
2017-05-15 04:51:00,1017.80195412477
2017-05-15 04:52:00,1017.80195412477
2017-05-15 04:53:00,1017.80195412477
2017-05-15 04:54:00,1017.80195412477
2017-05-15 04:55:00,1017.80195412477
2017-05-15 04:56:00,1017.80195412477
2017-05-15 04:57:00,1017.80195412477
2017-05-15 04:58:00,1017.80195412477
2017-05-15 04:59:00,1022.13954874398
2017-05-15 05:00:00,1061.14810126646
2017-05-15 05:01:00,1061.14810126646
2017-05-15 05:02:00,1061.14810126646
2017-05-15 05:03:00,1061.14810126646
2017-05-15 05:04:00,1061.14810126646
2017-05-15 05:05:00,1061.14810126646
2017-05-15 05:06:00,1061.14810126646
2017-05-15 05:07:00,1061.14810126646
2017-05-15 05:08:00,1061.14810126646
2017-05-15 05:09:00,1062.33849153915
2017-05-15 05:10:00,1058.83853754108
2017-05-15 05:11:00,1058.83853754108
2017-05-15 05:12:00,1058.83853754108
2017-05-15 05:13:00,1058.83853754108
2017-05-15 05:14:00,1058.83853754108
2017-05-15 05:15:00,1058.83853754108
2017-05-15 05:16:00,1058.83853754108
2017-05-15 05:17:00,1058.83853754108
2017-05-15 05:18:00,1058.83853754108
2017-05-15 05:19:00,1063.66563768388
2017-05-15 05:20:00,1061.84096215121
2017-05-15 05:21:00,1061.84096215121
2017-05-15 05:22:00,1061.84096215121
2017-05-15 05:23:00,1061.84096215121
2017-05-15 05:24:00,1061.84096215121
2017-05-15 05:25:00,1061.84096215121
2017-05-15 05:26:00,1061.84096215121
2017-05-15 05:27:00,1061.84096215121
2017-05-15 05:28:00,1061.84096215121
2017-05-15 05:29:00,1067.65787221073
2017-05-15 05:30:00,1064.71129054787
2017-05-15 05:31:00,1064.71129054787
2017-05-15 05:32:00,1064.71129054787
2017-05-15 05:33:00,1064.71129054787
2017-05-15 05:34:00,1064.71129054787
2017-05-15 05:35:00,1064.71129054787
2017-05-15 05:36:00,1064.71129054787
2017-05-15 05:37:00,1064.71129054787
2017-05-15 05:38:00,1064.71129054787
2017-05-15 05:39:00,1068.25361884988
2017-05-15 05:40:00,1067.36326922542
2017-05-15 05:41:00,1067.36326922542
2017-05-15 05:42:00,1067.36326922542
2017-05-15 05:43:00,1067.36326922542
2017-05-15 05:44:00,1067.36326922542
2017-05-15 05:45:00,1067.36326922542
2017-05-15 05:46:00,1067.36326922542
2017-05-15 05:47:00,1067.36326922542
2017-05-15 05:48:00,1067.36326922542
2017-05-15 05:49:00,1076.43464839368
2017-05-15 05:50:00,1070.89936991078
2017-05-15 05:51:00,1070.89936991078
2017-05-15 05:52:00,1070.89936991078
2017-05-15 05:53:00,1070.89936991078
2017-05-15 05:54:00,1070.89936991078
2017-05-15 05:55:00,1070.89936991078
2017-05-15 05:56:00,1070.89936991078
2017-05-15 05:57:00,1070.89936991078
2017-05-15 05:58:00,1070.89936991078
2017-05-15 05:59:00,1091.52462818471
2017-05-15 06:00:00,1024.76263737849
2017-05-15 06:01:00,1024.76263737849
2017-05-15 06:02:00,1024.76263737849
2017-05-15 06:03:00,1024.76263737849
2017-05-15 06:04:00,1024.76263737849
2017-05-15 06:05:00,1024.76263737849
2017-05-15 06:06:00,1024.76263737849
2017-05-15 06:07:00,1024.76263737849
2017-05-15 06:08:00,1024.76263737849
2017-05-15 06:09:00,1038.96648117041
2017-05-15 06:10:00,1029.84425674519
2017-05-15 06:11:00,1029.84425674519
2017-05-15 06:12:00,1029.84425674519
2017-05-15 06:13:00,1029.84425674519
2017-05-15 06:14:00,1029.84425674519
2017-05-15 06:15:00,1029.84425674519
2017-05-15 06:16:00,1029.84425674519
2017-05-15 06:17:00,1029.84425674519
2017-05-15 06:18:00,1029.84425674519
2017-05-15 06:19:00,1039.06096961324
2017-05-15 06:20:00,1028.67214063487
2017-05-15 06:21:00,1028.67214063487
2017-05-15 06:22:00,1028.67214063487
2017-05-15 06:23:00,1028.67214063487
2017-05-15 06:24:00,1028.67214063487
2017-05-15 06:25:00,1028.67214063487
2017-05-15 06:26:00,1028.67214063487
2017-05-15 06:27:00,1028.67214063487
2017-05-15 06:28:00,1028.67214063487
2017-05-15 06:29:00,1051.60734587696
2017-05-15 06:30:00,1043.77297061154
2017-05-15 06:31:00,1043.77297061154
2017-05-15 06:32:00,1043.77297061154
2017-05-15 06:33:00,1043.77297061154
2017-05-15 06:34:00,1043.77297061154
2017-05-15 06:35:00,1043.77297061154
2017-05-15 06:36:00,1043.77297061154
2017-05-15 06:37:00,1043.77297061154
2017-05-15 06:38:00,1043.77297061154
2017-05-15 06:39:00,1062.11597666006
2017-05-15 06:40:00,1053.34604681843
2017-05-15 06:41:00,1053.34604681843
2017-05-15 06:42:00,1053.34604681843
2017-05-15 06:43:00,1053.34604681843
2017-05-15 06:44:00,1053.34604681843
2017-05-15 06:45:00,1053.34604681843
2017-05-15 06:46:00,1053.34604681843
2017-05-15 06:47:00,1053.34604681843
2017-05-15 06:48:00,1053.34604681843
2017-05-15 06:49:00,1073.34307240862
2017-05-15 06:50:00,1067.13282891908
2017-05-15 06:51:00,1067.13282891908
2017-05-15 06:52:00,1067.13282891908
2017-05-15 06:53:00,1067.13282891908
2017-05-15 06:54:00,1067.13282891908
2017-05-15 06:55:00,1067.13282891908
2017-05-15 06:56:00,1067.13282891908
2017-05-15 06:57:00,1067.13282891908
2017-05-15 06:58:00,1067.13282891908
2017-05-15 06:59:00,1115.37062830571
2017-05-15 07:00:00,1605.74208930199
2017-05-15 07:01:00,1605.74208930199
2017-05-15 07:02:00,1605.74208930199
2017-05-15 07:03:00,1605.74208930199
2017-05-15 07:04:00,1605.74208930199
2017-05-15 07:05:00,1605.74208930199
2017-05-15 07:06:00,1605.74208930199
2017-05-15 07:07:00,1605.74208930199
2017-05-15 07:08:00,1605.74208930199
2017-05-15 07:09:00,1628.07219594439
2017-05-15 07:10:00,1612.72033442017
2017-05-15 07:11:00,1612.72033442017
2017-05-15 07:12:00,1612.72033442017
2017-05-15 07:13:00,1612.72033442017
2017-05-15 07:14:00,1612.72033442017
2017-05-15 07:15:00,1612.72033442017
2017-05-15 07:16:00,1612.72033442017
2017-05-15 07:17:00,1612.72033442017
2017-05-15 07:18:00,1612.72033442017
2017-05-15 07:19:00,1627.44322822005
2017-05-15 07:20:00,1607.48379460738
2017-05-15 07:21:00,1607.48379460738
2017-05-15 07:22:00,1607.48379460738
2017-05-15 07:23:00,1607.48379460738
2017-05-15 07:24:00,1607.48379460738
2017-05-15 07:25:00,1607.48379460738
2017-05-15 07:26:00,1607.48379460738
2017-05-15 07:27:00,1607.48379460738
2017-05-15 07:28:00,1607.48379460738
2017-05-15 07:29:00,1630.99332814582
2017-05-15 07:30:00,1607.98481040904
2017-05-15 07:31:00,1607.98481040904
2017-05-15 07:32:00,1607.98481040904
2017-05-15 07:33:00,1607.98481040904
2017-05-15 07:34:00,1607.98481040904
2017-05-15 07:35:00,1607.98481040904
2017-05-15 07:36:00,1607.98481040904
2017-05-15 07:37:00,1607.98481040904
2017-05-15 07:38:00,1607.98481040904
2017-05-15 07:39:00,1625.80072913845
2017-05-15 07:40:00,1603.78168495152
2017-05-15 07:41:00,1603.78168495152
2017-05-15 07:42:00,1603.78168495152
2017-05-15 07:43:00,1603.78168495152
2017-05-15 07:44:00,1603.78168495152
2017-05-15 07:45:00,1603.78168495152
2017-05-15 07:46:00,1603.78168495152
2017-05-15 07:47:00,1603.78168495152
2017-05-15 07:48:00,1603.78168495152
2017-05-15 07:49:00,1617.24423497609
2017-05-15 07:50:00,1595.83604556761
2017-05-15 07:51:00,1595.83604556761
2017-05-15 07:52:00,1595.83604556761
2017-05-15 07:53:00,1595.83604556761
2017-05-15 07:54:00,1595.83604556761
2017-05-15 07:55:00,1595.83604556761
2017-05-15 07:56:00,1595.83604556761
2017-05-15 07:57:00,1595.83604556761
2017-05-15 07:58:00,1595.83604556761
2017-05-15 07:59:00,1629.20628603483
2017-05-15 08:00:00,1548.67018564507
2017-05-15 08:01:00,1548.67018564507
2017-05-15 08:02:00,1548.67018564507
2017-05-15 08:03:00,1548.67018564507
2017-05-15 08:04:00,1548.67018564507
2017-05-15 08:05:00,1548.67018564507
2017-05-15 08:06:00,1548.67018564507
2017-05-15 08:07:00,1548.67018564507
2017-05-15 08:08:00,1548.67018564507
2017-05-15 08:09:00,1554.01789073177
2017-05-15 08:10:00,1527.03995288696
2017-05-15 08:11:00,1527.03995288696
2017-05-15 08:12:00,1527.03995288696
2017-05-15 08:13:00,1527.03995288696
2017-05-15 08:14:00,1527.03995288696
2017-05-15 08:15:00,1527.03995288696
2017-05-15 08:16:00,1527.03995288696
2017-05-15 08:17:00,1527.03995288696
2017-05-15 08:18:00,1527.03995288696
2017-05-15 08:19:00,1539.78405657156
2017-05-15 08:20:00,1516.92866422158
2017-05-15 08:21:00,1516.92866422158
2017-05-15 08:22:00,1516.92866422158
2017-05-15 08:23:00,1516.92866422158
2017-05-15 08:24:00,1516.92866422158
2017-05-15 08:25:00,1516.92866422158
2017-05-15 08:26:00,1516.92866422158
2017-05-15 08:27:00,1516.92866422158
2017-05-15 08:28:00,1516.92866422158
2017-05-15 08:29:00,1531.08410021067
2017-05-15 08:30:00,1505.00787728394
2017-05-15 08:31:00,1505.00787728394
2017-05-15 08:32:00,1505.00787728394
2017-05-15 08:33:00,1505.00787728394
2017-05-15 08:34:00,1505.00787728394
2017-05-15 08:35:00,1505.00787728394
2017-05-15 08:36:00,1505.00787728394
2017-05-15 08:37:00,1505.00787728394
2017-05-15 08:38:00,1505.00787728394
2017-05-15 08:39:00,1507.65409310811
2017-05-15 08:40:00,1489.11679099915
2017-05-15 08:41:00,1489.11679099915
2017-05-15 08:42:00,1489.11679099915
2017-05-15 08:43:00,1489.11679099915
2017-05-15 08:44:00,1489.11679099915
2017-05-15 08:45:00,1489.11679099915
2017-05-15 08:46:00,1489.11679099915
2017-05-15 08:47:00,1489.11679099915
2017-05-15 08:48:00,1489.11679099915
2017-05-15 08:49:00,1499.81249155888
2017-05-15 08:50:00,1488.6272738341
2017-05-15 08:51:00,1488.6272738341
2017-05-15 08:52:00,1488.6272738341
2017-05-15 08:53:00,1488.6272738341
2017-05-15 08:54:00,1488.6272738341
2017-05-15 08:55:00,1488.6272738341
2017-05-15 08:56:00,1488.6272738341
2017-05-15 08:57:00,1488.6272738341
2017-05-15 08:58:00,1488.6272738341
2017-05-15 08:59:00,1497.00009996716
2017-05-15 09:00:00,1589.91095761759
2017-05-15 09:01:00,1589.91095761759
2017-05-15 09:02:00,1589.91095761759
2017-05-15 09:03:00,1589.91095761759
2017-05-15 09:04:00,1589.91095761759
2017-05-15 09:05:00,1589.91095761759
2017-05-15 09:06:00,1589.91095761759
2017-05-15 09:07:00,1589.91095761759
2017-05-15 09:08:00,1589.91095761759
2017-05-15 09:09:00,1588.81477822532
2017-05-15 09:10:00,1582.60274734617
2017-05-15 09:11:00,1582.60274734617
2017-05-15 09:12:00,1582.60274734617
2017-05-15 09:13:00,1582.60274734617
2017-05-15 09:14:00,1582.60274734617
2017-05-15 09:15:00,1582.60274734617
2017-05-15 09:16:00,1582.60274734617
2017-05-15 09:17:00,1582.60274734617
2017-05-15 09:18:00,1582.60274734617
2017-05-15 09:19:00,1594.28907098669
2017-05-15 09:20:00,1591.11400345758
2017-05-15 09:21:00,1591.11400345758
2017-05-15 09:22:00,1591.11400345758
2017-05-15 09:23:00,1591.11400345758
2017-05-15 09:24:00,1591.11400345758
2017-05-15 09:25:00,1591.11400345758
2017-05-15 09:26:00,1591.11400345758
2017-05-15 09:27:00,1591.11400345758
2017-05-15 09:28:00,1591.11400345758
2017-05-15 09:29:00,1593.19885150266
2017-05-15 09:30:00,1575.6479112605
2017-05-15 09:31:00,1575.6479112605
2017-05-15 09:32:00,1575.6479112605
2017-05-15 09:33:00,1575.6479112605
2017-05-15 09:34:00,1575.6479112605
2017-05-15 09:35:00,1575.6479112605
2017-05-15 09:36:00,1575.6479112605
2017-05-15 09:37:00,1575.6479112605
2017-05-15 09:38:00,1575.6479112605
2017-05-15 09:39:00,1571.49927938581
2017-05-15 09:40:00,1570.10485279199
2017-05-15 09:41:00,1570.10485279199
2017-05-15 09:42:00,1570.10485279199
2017-05-15 09:43:00,1570.10485279199
2017-05-15 09:44:00,1570.10485279199
2017-05-15 09:45:00,1570.10485279199
2017-05-15 09:46:00,1570.10485279199
2017-05-15 09:47:00,1570.10485279199
2017-05-15 09:48:00,1570.10485279199
2017-05-15 09:49:00,1571.35687256473
2017-05-15 09:50:00,1562.82251121943
2017-05-15 09:51:00,1562.82251121943
2017-05-15 09:52:00,1562.82251121943
2017-05-15 09:53:00,1562.82251121943
2017-05-15 09:54:00,1562.82251121943
2017-05-15 09:55:00,1562.82251121943
2017-05-15 09:56:00,1562.82251121943
2017-05-15 09:57:00,1562.82251121943
2017-05-15 09:58:00,1562.82251121943
2017-05-15 09:59:00,1574.44799080346
2017-05-15 10:00:00,1466.96517144248
2017-05-15 10:01:00,1466.96517144248
2017-05-15 10:02:00,1466.96517144248
2017-05-15 10:03:00,1466.96517144248
2017-05-15 10:04:00,1466.96517144248
2017-05-15 10:05:00,1466.96517144248
2017-05-15 10:06:00,1466.96517144248
2017-05-15 10:07:00,1466.96517144248
2017-05-15 10:08:00,1466.96517144248
2017-05-15 10:09:00,1472.13042581506
2017-05-15 10:10:00,1463.22569831474
2017-05-15 10:11:00,1463.22569831474
2017-05-15 10:12:00,1463.22569831474
2017-05-15 10:13:00,1463.22569831474
2017-05-15 10:14:00,1463.22569831474
2017-05-15 10:15:00,1463.22569831474
2017-05-15 10:16:00,1463.22569831474
2017-05-15 10:17:00,1463.22569831474
2017-05-15 10:18:00,1463.22569831474
2017-05-15 10:19:00,1466.04042565106
2017-05-15 10:20:00,1460.83821697679
2017-05-15 10:21:00,1460.83821697679
2017-05-15 10:22:00,1460.83821697679
2017-05-15 10:23:00,1460.83821697679
2017-05-15 10:24:00,1460.83821697679
2017-05-15 10:25:00,1460.83821697679
2017-05-15 10:26:00,1460.83821697679
2017-05-15 10:27:00,1460.83821697679
2017-05-15 10:28:00,1460.83821697679
2017-05-15 10:29:00,1464.47120621882
2017-05-15 10:30:00,1465.97819737065
2017-05-15 10:31:00,1465.97819737065
2017-05-15 10:32:00,1465.97819737065
2017-05-15 10:33:00,1465.97819737065
2017-05-15 10:34:00,1465.97819737065
2017-05-15 10:35:00,1465.97819737065
2017-05-15 10:36:00,1465.97819737065
2017-05-15 10:37:00,1465.97819737065
2017-05-15 10:38:00,1465.97819737065
2017-05-15 10:39:00,1464.05888221456
2017-05-15 10:40:00,1459.04046803864
2017-05-15 10:41:00,1459.04046803864
2017-05-15 10:42:00,1459.04046803864
2017-05-15 10:43:00,1459.04046803864
2017-05-15 10:44:00,1459.04046803864
2017-05-15 10:45:00,1459.04046803864
2017-05-15 10:46:00,1459.04046803864
2017-05-15 10:47:00,1459.04046803864
2017-05-15 10:48:00,1459.04046803864
2017-05-15 10:49:00,1461.67192567554
2017-05-15 10:50:00,1464.53243498027
2017-05-15 10:51:00,1464.53243498027
2017-05-15 10:52:00,1464.53243498027
2017-05-15 10:53:00,1464.53243498027
2017-05-15 10:54:00,1464.53243498027
2017-05-15 10:55:00,1464.53243498027
2017-05-15 10:56:00,1464.53243498027
2017-05-15 10:57:00,1464.53243498027
2017-05-15 10:58:00,1464.53243498027
2017-05-15 10:59:00,1464.78183458669
2017-05-15 11:00:00,1316.38057257373
2017-05-15 11:01:00,1316.38057257373
2017-05-15 11:02:00,1316.38057257373
2017-05-15 11:03:00,1316.38057257373
2017-05-15 11:04:00,1316.38057257373
2017-05-15 11:05:00,1316.38057257373
2017-05-15 11:06:00,1316.38057257373
2017-05-15 11:07:00,1316.38057257373
2017-05-15 11:08:00,1316.38057257373
2017-05-15 11:09:00,1318.64065685344
2017-05-15 11:10:00,1316.0187173779
2017-05-15 11:11:00,1316.0187173779
2017-05-15 11:12:00,1316.0187173779
2017-05-15 11:13:00,1316.0187173779
2017-05-15 11:14:00,1316.0187173779
2017-05-15 11:15:00,1316.0187173779
2017-05-15 11:16:00,1316.0187173779
2017-05-15 11:17:00,1316.0187173779
2017-05-15 11:18:00,1316.0187173779
2017-05-15 11:19:00,1316.6823004462
2017-05-15 11:20:00,1313.48144980027
2017-05-15 11:21:00,1313.48144980027
2017-05-15 11:22:00,1313.48144980027
2017-05-15 11:23:00,1313.48144980027
2017-05-15 11:24:00,1313.48144980027
2017-05-15 11:25:00,1313.48144980027
2017-05-15 11:26:00,1313.48144980027
2017-05-15 11:27:00,1313.48144980027
2017-05-15 11:28:00,1313.48144980027
2017-05-15 11:29:00,1319.65624094893
2017-05-15 11:30:00,1320.84906441467
2017-05-15 11:31:00,1320.84906441467
2017-05-15 11:32:00,1320.84906441467
2017-05-15 11:33:00,1320.84906441467
2017-05-15 11:34:00,1320.84906441467
2017-05-15 11:35:00,1320.84906441467
2017-05-15 11:36:00,1320.84906441467
2017-05-15 11:37:00,1320.84906441467
2017-05-15 11:38:00,1320.84906441467
2017-05-15 11:39:00,1318.90707770552
2017-05-15 11:40:00,1319.98203617916
2017-05-15 11:41:00,1319.98203617916
2017-05-15 11:42:00,1319.98203617916
2017-05-15 11:43:00,1319.98203617916
2017-05-15 11:44:00,1319.98203617916
2017-05-15 11:45:00,1319.98203617916
2017-05-15 11:46:00,1319.98203617916
2017-05-15 11:47:00,1319.98203617916
2017-05-15 11:48:00,1319.98203617916
2017-05-15 11:49:00,1322.49900402748
2017-05-15 11:50:00,1324.04820906689
2017-05-15 11:51:00,1324.04820906689
2017-05-15 11:52:00,1324.04820906689
2017-05-15 11:53:00,1324.04820906689
2017-05-15 11:54:00,1324.04820906689
2017-05-15 11:55:00,1324.04820906689
2017-05-15 11:56:00,1324.04820906689
2017-05-15 11:57:00,1324.04820906689
2017-05-15 11:58:00,1324.04820906689
2017-05-15 11:59:00,1327.17274344258
2017-05-15 12:00:00,1327.27570146415
2017-05-15 12:01:00,1327.27570146415
2017-05-15 12:02:00,1327.27570146415
2017-05-15 12:03:00,1327.27570146415
2017-05-15 12:04:00,1327.27570146415
2017-05-15 12:05:00,1327.27570146415
2017-05-15 12:06:00,1327.27570146415
2017-05-15 12:07:00,1327.27570146415
2017-05-15 12:08:00,1327.27570146415
2017-05-15 12:09:00,1332.58884228892
2017-05-15 12:10:00,1333.88706991923
2017-05-15 12:11:00,1333.88706991923
2017-05-15 12:12:00,1333.88706991923
2017-05-15 12:13:00,1333.88706991923
2017-05-15 12:14:00,1333.88706991923
2017-05-15 12:15:00,1333.88706991923
2017-05-15 12:16:00,1333.88706991923
2017-05-15 12:17:00,1333.88706991923
2017-05-15 12:18:00,1333.88706991923
2017-05-15 12:19:00,1335.16509024489
2017-05-15 12:20:00,1335.49380614696
2017-05-15 12:21:00,1335.49380614696
2017-05-15 12:22:00,1335.49380614696
2017-05-15 12:23:00,1335.49380614696
2017-05-15 12:24:00,1335.49380614696
2017-05-15 12:25:00,1335.49380614696
2017-05-15 12:26:00,1335.49380614696
2017-05-15 12:27:00,1335.49380614696
2017-05-15 12:28:00,1335.49380614696
2017-05-15 12:29:00,1337.86256280914
2017-05-15 12:30:00,1342.92043097624
2017-05-15 12:31:00,1342.92043097624
2017-05-15 12:32:00,1342.92043097624
2017-05-15 12:33:00,1342.92043097624
2017-05-15 12:34:00,1342.92043097624
2017-05-15 12:35:00,1342.92043097624
2017-05-15 12:36:00,1342.92043097624
2017-05-15 12:37:00,1342.92043097624
2017-05-15 12:38:00,1342.92043097624
2017-05-15 12:39:00,1348.05612811767
2017-05-15 12:40:00,1348.63610632023
2017-05-15 12:41:00,1348.63610632023
2017-05-15 12:42:00,1348.63610632023
2017-05-15 12:43:00,1348.63610632023
2017-05-15 12:44:00,1348.63610632023
2017-05-15 12:45:00,1348.63610632023
2017-05-15 12:46:00,1348.63610632023
2017-05-15 12:47:00,1348.63610632023
2017-05-15 12:48:00,1348.63610632023
2017-05-15 12:49:00,1356.04627782167
2017-05-15 12:50:00,1355.91655567737
2017-05-15 12:51:00,1355.91655567737
2017-05-15 12:52:00,1355.91655567737
2017-05-15 12:53:00,1355.91655567737
2017-05-15 12:54:00,1355.91655567737
2017-05-15 12:55:00,1355.91655567737
2017-05-15 12:56:00,1355.91655567737
2017-05-15 12:57:00,1355.91655567737
2017-05-15 12:58:00,1355.91655567737
2017-05-15 12:59:00,1352.11654674918
2017-05-15 13:00:00,1233.70650099576
2017-05-15 13:01:00,1184.38403068117
2017-05-15 13:02:00,1184.38403068117
2017-05-15 13:03:00,1184.38403068117
2017-05-15 13:04:00,1184.38403068117
2017-05-15 13:05:00,1184.38403068117
2017-05-15 13:06:00,1184.38403068117
2017-05-15 13:07:00,1184.38403068117
2017-05-15 13:08:00,1184.38403068117
2017-05-15 13:09:00,1190.01862513331
2017-05-15 13:10:00,1189.32036052356
2017-05-15 13:11:00,1189.32036052356
2017-05-15 13:12:00,1189.32036052356
2017-05-15 13:13:00,1189.32036052356
2017-05-15 13:14:00,1189.32036052356
2017-05-15 13:15:00,1189.32036052356
2017-05-15 13:16:00,1189.32036052356
2017-05-15 13:17:00,1189.32036052356
2017-05-15 13:18:00,1189.32036052356
2017-05-15 13:19:00,1192.35573835334
2017-05-15 13:20:00,1188.97260110856
2017-05-15 13:21:00,1188.97260110856
2017-05-15 13:22:00,1188.97260110856
2017-05-15 13:23:00,1188.97260110856
2017-05-15 13:24:00,1188.97260110856
2017-05-15 13:25:00,1188.97260110856
2017-05-15 13:26:00,1188.97260110856
2017-05-15 13:27:00,1188.97260110856
2017-05-15 13:28:00,1188.97260110856
2017-05-15 13:29:00,1185.47757128591
2017-05-15 13:30:00,1175.46931627991
2017-05-15 13:31:00,1175.46931627991
2017-05-15 13:32:00,1175.46931627991
2017-05-15 13:33:00,1175.46931627991
2017-05-15 13:34:00,1175.46931627991
2017-05-15 13:35:00,1175.46931627991
2017-05-15 13:36:00,1175.46931627991
2017-05-15 13:37:00,1175.46931627991
2017-05-15 13:38:00,1175.46931627991
2017-05-15 13:39:00,1174.65154469326
2017-05-15 13:40:00,1171.25895626191
2017-05-15 13:41:00,1171.25895626191
2017-05-15 13:42:00,1171.25895626191
2017-05-15 13:43:00,1171.25895626191
2017-05-15 13:44:00,1171.25895626191
2017-05-15 13:45:00,1171.25895626191
2017-05-15 13:46:00,1171.25895626191
2017-05-15 13:47:00,1171.25895626191
2017-05-15 13:48:00,1171.25895626191
2017-05-15 13:49:00,1170.41367786023
2017-05-15 13:50:00,1169.94050676379
2017-05-15 13:51:00,1169.94050676379
2017-05-15 13:52:00,1169.94050676379
2017-05-15 13:53:00,1169.94050676379
2017-05-15 13:54:00,1169.94050676379
2017-05-15 13:55:00,1169.94050676379
2017-05-15 13:56:00,1169.94050676379
2017-05-15 13:57:00,1169.94050676379
2017-05-15 13:58:00,1169.94050676379
2017-05-15 13:59:00,1172.51896648895
2017-05-15 14:00:00,1154.45786592117
2017-05-15 14:01:00,1154.45786592117
2017-05-15 14:02:00,1154.45786592117
2017-05-15 14:03:00,1154.45786592117
2017-05-15 14:04:00,1154.45786592117
2017-05-15 14:05:00,1154.45786592117
2017-05-15 14:06:00,1154.45786592117
2017-05-15 14:07:00,1154.45786592117
2017-05-15 14:08:00,1154.45786592117
2017-05-15 14:09:00,1160.65280794368
2017-05-15 14:10:00,1156.01697363483
2017-05-15 14:11:00,1156.01697363483
2017-05-15 14:12:00,1156.01697363483
2017-05-15 14:13:00,1156.01697363483
2017-05-15 14:14:00,1156.01697363483
2017-05-15 14:15:00,1156.01697363483
2017-05-15 14:16:00,1156.01697363483
2017-05-15 14:17:00,1156.01697363483
2017-05-15 14:18:00,1156.01697363483
2017-05-15 14:19:00,1159.0292963145
2017-05-15 14:20:00,1156.19751881814
2017-05-15 14:21:00,1156.19751881814
2017-05-15 14:22:00,1156.19751881814
2017-05-15 14:23:00,1156.19751881814
2017-05-15 14:24:00,1156.19751881814
2017-05-15 14:25:00,1156.19751881814
2017-05-15 14:26:00,1156.19751881814
2017-05-15 14:27:00,1156.19751881814
2017-05-15 14:28:00,1156.19751881814
2017-05-15 14:29:00,1154.45154050066
2017-05-15 14:30:00,1150.66505728063
2017-05-15 14:31:00,1150.66505728063
2017-05-15 14:32:00,1150.66505728063
2017-05-15 14:33:00,1150.66505728063
2017-05-15 14:34:00,1150.66505728063
2017-05-15 14:35:00,1150.66505728063
2017-05-15 14:36:00,1150.66505728063
2017-05-15 14:37:00,1150.66505728063
2017-05-15 14:38:00,1150.66505728063
2017-05-15 14:39:00,1148.71926438442
2017-05-15 14:40:00,1149.54763942126
2017-05-15 14:41:00,1149.54763942126
2017-05-15 14:42:00,1149.54763942126
2017-05-15 14:43:00,1149.54763942126
2017-05-15 14:44:00,1149.54763942126
2017-05-15 14:45:00,1149.54763942126
2017-05-15 14:46:00,1149.54763942126
2017-05-15 14:47:00,1149.54763942126
2017-05-15 14:48:00,1149.54763942126
2017-05-15 14:49:00,1151.62943096812
2017-05-15 14:50:00,1149.9932839166
2017-05-15 14:51:00,1149.9932839166
2017-05-15 14:52:00,1149.9932839166
2017-05-15 14:53:00,1149.9932839166
2017-05-15 14:54:00,1149.9932839166
2017-05-15 14:55:00,1149.9932839166
2017-05-15 14:56:00,1149.9932839166
2017-05-15 14:57:00,1149.9932839166
2017-05-15 14:58:00,1149.9932839166
2017-05-15 14:59:00,1157.00562344239
2017-05-15 15:00:00,1437.42545963604
2017-05-15 15:01:00,1437.42545963604
2017-05-15 15:02:00,1437.42545963604
2017-05-15 15:03:00,1437.42545963604
2017-05-15 15:04:00,1437.42545963604
2017-05-15 15:05:00,1437.42545963604
2017-05-15 15:06:00,1437.42545963604
2017-05-15 15:07:00,1437.42545963604
2017-05-15 15:08:00,1437.42545963604
2017-05-15 15:09:00,1451.20421099282
2017-05-15 15:10:00,1435.72914741411
2017-05-15 15:11:00,1435.72914741411
2017-05-15 15:12:00,1435.72914741411
2017-05-15 15:13:00,1435.72914741411
2017-05-15 15:14:00,1435.72914741411
2017-05-15 15:15:00,1435.72914741411
2017-05-15 15:16:00,1435.72914741411
2017-05-15 15:17:00,1435.72914741411
2017-05-15 15:18:00,1435.72914741411
2017-05-15 15:19:00,1448.24917526035
2017-05-15 15:20:00,1438.10083780365
2017-05-15 15:21:00,1438.10083780365
2017-05-15 15:22:00,1438.10083780365
2017-05-15 15:23:00,1438.10083780365
2017-05-15 15:24:00,1438.10083780365
2017-05-15 15:25:00,1438.10083780365
2017-05-15 15:26:00,1438.10083780365
2017-05-15 15:27:00,1438.10083780365
2017-05-15 15:28:00,1438.10083780365
2017-05-15 15:29:00,1458.750901505
2017-05-15 15:30:00,1449.42538505956
2017-05-15 15:31:00,1449.42538505956
2017-05-15 15:32:00,1449.42538505956
2017-05-15 15:33:00,1449.42538505956
2017-05-15 15:34:00,1449.42538505956
2017-05-15 15:35:00,1449.42538505956
2017-05-15 15:36:00,1449.42538505956
2017-05-15 15:37:00,1449.42538505956
2017-05-15 15:38:00,1449.42538505956
2017-05-15 15:39:00,1460.84527956804
2017-05-15 15:40:00,1453.12481794436
2017-05-15 15:41:00,1453.12481794436
2017-05-15 15:42:00,1453.12481794436
2017-05-15 15:43:00,1453.12481794436
2017-05-15 15:44:00,1453.12481794436
2017-05-15 15:45:00,1453.12481794436
2017-05-15 15:46:00,1453.12481794436
2017-05-15 15:47:00,1453.12481794436
2017-05-15 15:48:00,1453.12481794436
2017-05-15 15:49:00,1472.12289689314
2017-05-15 15:50:00,1462.12921958971
2017-05-15 15:51:00,1462.12921958971
2017-05-15 15:52:00,1462.12921958971
2017-05-15 15:53:00,1462.12921958971
2017-05-15 15:54:00,1462.12921958971
2017-05-15 15:55:00,1462.12921958971
2017-05-15 15:56:00,1462.12921958971
2017-05-15 15:57:00,1462.12921958971
2017-05-15 15:58:00,1462.12921958971
2017-05-15 15:59:00,1495.71164148336
2017-05-15 16:00:00,1512.596892554
2017-05-15 16:01:00,1512.596892554
2017-05-15 16:02:00,1512.596892554
2017-05-15 16:03:00,1512.596892554
2017-05-15 16:04:00,1512.596892554
2017-05-15 16:05:00,1512.596892554
2017-05-15 16:06:00,1512.596892554
2017-05-15 16:07:00,1512.596892554
2017-05-15 16:08:00,1512.596892554
2017-05-15 16:09:00,1529.34802776682
2017-05-15 16:10:00,1518.84436638718
2017-05-15 16:11:00,1518.84436638718
2017-05-15 16:12:00,1518.84436638718
2017-05-15 16:13:00,1518.84436638718
2017-05-15 16:14:00,1518.84436638718
2017-05-15 16:15:00,1518.84436638718
2017-05-15 16:16:00,1518.84436638718
2017-05-15 16:17:00,1518.84436638718
2017-05-15 16:18:00,1518.84436638718
2017-05-15 16:19:00,1528.78301299553
2017-05-15 16:20:00,1513.75342509023
2017-05-15 16:21:00,1513.75342509023
2017-05-15 16:22:00,1513.75342509023
2017-05-15 16:23:00,1513.75342509023
2017-05-15 16:24:00,1513.75342509023
2017-05-15 16:25:00,1513.75342509023
2017-05-15 16:26:00,1513.75342509023
2017-05-15 16:27:00,1513.75342509023
2017-05-15 16:28:00,1513.75342509023
2017-05-15 16:29:00,1538.05169649039
2017-05-15 16:30:00,1523.19256900183
2017-05-15 16:31:00,1523.19256900183
2017-05-15 16:32:00,1523.19256900183
2017-05-15 16:33:00,1523.19256900183
2017-05-15 16:34:00,1523.19256900183
2017-05-15 16:35:00,1523.19256900183
2017-05-15 16:36:00,1523.19256900183
2017-05-15 16:37:00,1523.19256900183
2017-05-15 16:38:00,1523.19256900183
2017-05-15 16:39:00,1545.8646583106
2017-05-15 16:40:00,1530.33482324475
2017-05-15 16:41:00,1530.33482324475
2017-05-15 16:42:00,1530.33482324475
2017-05-15 16:43:00,1530.33482324475
2017-05-15 16:44:00,1530.33482324475
2017-05-15 16:45:00,1530.33482324475
2017-05-15 16:46:00,1530.33482324475
2017-05-15 16:47:00,1530.33482324475
2017-05-15 16:48:00,1530.33482324475
2017-05-15 16:49:00,1559.81777011945
2017-05-15 16:50:00,1537.06096821144
2017-05-15 16:51:00,1537.06096821144
2017-05-15 16:52:00,1537.06096821144
2017-05-15 16:53:00,1537.06096821144
2017-05-15 16:54:00,1537.06096821144
2017-05-15 16:55:00,1537.06096821144
2017-05-15 16:56:00,1537.06096821144
2017-05-15 16:57:00,1537.06096821144
2017-05-15 16:58:00,1537.06096821144
2017-05-15 16:59:00,1572.41454827192
2017-05-15 17:00:00,1647.93382448904
2017-05-15 17:01:00,1538.97251461313
2017-05-15 17:02:00,1538.97251461313
2017-05-15 17:03:00,1538.97251461313
2017-05-15 17:04:00,1538.97251461313
2017-05-15 17:05:00,1538.97251461313
2017-05-15 17:06:00,1538.97251461313
2017-05-15 17:07:00,1538.97251461313
2017-05-15 17:08:00,1538.97251461313
2017-05-15 17:09:00,1550.04968792377
2017-05-15 17:10:00,1551.49378914557
2017-05-15 17:11:00,1551.49378914557
2017-05-15 17:12:00,1551.49378914557
2017-05-15 17:13:00,1551.49378914557
2017-05-15 17:14:00,1551.49378914557
2017-05-15 17:15:00,1551.49378914557
2017-05-15 17:16:00,1551.49378914557
2017-05-15 17:17:00,1551.49378914557
2017-05-15 17:18:00,1551.49378914557
2017-05-15 17:19:00,1554.15899214506
2017-05-15 17:20:00,1542.82315869672
2017-05-15 17:21:00,1542.82315869672
2017-05-15 17:22:00,1542.82315869672
2017-05-15 17:23:00,1542.82315869672
2017-05-15 17:24:00,1542.82315869672
2017-05-15 17:25:00,1542.82315869672
2017-05-15 17:26:00,1542.82315869672
2017-05-15 17:27:00,1542.82315869672
2017-05-15 17:28:00,1542.82315869672
2017-05-15 17:29:00,1546.45991891351
2017-05-15 17:30:00,1540.73854138343
2017-05-15 17:31:00,1540.73854138343
2017-05-15 17:32:00,1540.73854138343
2017-05-15 17:33:00,1540.73854138343
2017-05-15 17:34:00,1540.73854138343
2017-05-15 17:35:00,1540.73854138343
2017-05-15 17:36:00,1540.73854138343
2017-05-15 17:37:00,1540.73854138343
2017-05-15 17:38:00,1540.73854138343
2017-05-15 17:39:00,1556.23349359918
2017-05-15 17:40:00,1552.45438769339
2017-05-15 17:41:00,1552.45438769339
2017-05-15 17:42:00,1552.45438769339
2017-05-15 17:43:00,1552.45438769339
2017-05-15 17:44:00,1552.45438769339
2017-05-15 17:45:00,1552.45438769339
2017-05-15 17:46:00,1552.45438769339
2017-05-15 17:47:00,1552.45438769339
2017-05-15 17:48:00,1552.45438769339
2017-05-15 17:49:00,1564.08798813846
2017-05-15 17:50:00,1559.3623888318
2017-05-15 17:51:00,1559.3623888318
2017-05-15 17:52:00,1559.3623888318
2017-05-15 17:53:00,1559.3623888318
2017-05-15 17:54:00,1559.3623888318
2017-05-15 17:55:00,1559.3623888318
2017-05-15 17:56:00,1559.3623888318
2017-05-15 17:57:00,1559.3623888318
2017-05-15 17:58:00,1559.3623888318
2017-05-15 17:59:00,1595.71597394818
2017-05-15 18:00:00,1691.40102124656
2017-05-15 18:01:00,1691.40102124656
2017-05-15 18:02:00,1691.40102124656
2017-05-15 18:03:00,1691.40102124656
2017-05-15 18:04:00,1691.40102124656
2017-05-15 18:05:00,1691.40102124656
2017-05-15 18:06:00,1691.40102124656
2017-05-15 18:07:00,1691.40102124656
2017-05-15 18:08:00,1691.40102124656
2017-05-15 18:09:00,1709.99357973823
2017-05-15 18:10:00,1708.33698119294
2017-05-15 18:11:00,1708.33698119294
2017-05-15 18:12:00,1708.33698119294
2017-05-15 18:13:00,1708.33698119294
2017-05-15 18:14:00,1708.33698119294
2017-05-15 18:15:00,1708.33698119294
2017-05-15 18:16:00,1708.33698119294
2017-05-15 18:17:00,1708.33698119294
2017-05-15 18:18:00,1708.33698119294
2017-05-15 18:19:00,1722.20188762316
2017-05-15 18:20:00,1708.62260276058
2017-05-15 18:21:00,1708.62260276058
2017-05-15 18:22:00,1708.62260276058
2017-05-15 18:23:00,1708.62260276058
2017-05-15 18:24:00,1708.62260276058
2017-05-15 18:25:00,1708.62260276058
2017-05-15 18:26:00,1708.62260276058
2017-05-15 18:27:00,1708.62260276058
2017-05-15 18:28:00,1708.62260276058
2017-05-15 18:29:00,1720.4675469982
2017-05-15 18:30:00,1705.10581541486
2017-05-15 18:31:00,1705.10581541486
2017-05-15 18:32:00,1705.10581541486
2017-05-15 18:33:00,1705.10581541486
2017-05-15 18:34:00,1705.10581541486
2017-05-15 18:35:00,1705.10581541486
2017-05-15 18:36:00,1705.10581541486
2017-05-15 18:37:00,1705.10581541486
2017-05-15 18:38:00,1705.10581541486
2017-05-15 18:39:00,1717.81689150682
2017-05-15 18:40:00,1709.01449722567
2017-05-15 18:41:00,1709.01449722567
2017-05-15 18:42:00,1709.01449722567
2017-05-15 18:43:00,1709.01449722567
2017-05-15 18:44:00,1709.01449722567
2017-05-15 18:45:00,1709.01449722567
2017-05-15 18:46:00,1709.01449722567
2017-05-15 18:47:00,1709.01449722567
2017-05-15 18:48:00,1709.01449722567
2017-05-15 18:49:00,1731.03981851976
2017-05-15 18:50:00,1711.81909905755
2017-05-15 18:51:00,1711.81909905755
2017-05-15 18:52:00,1711.81909905755
2017-05-15 18:53:00,1711.81909905755
2017-05-15 18:54:00,1711.81909905755
2017-05-15 18:55:00,1711.81909905755
2017-05-15 18:56:00,1711.81909905755
2017-05-15 18:57:00,1711.81909905755
2017-05-15 18:58:00,1711.81909905755
2017-05-15 18:59:00,1737.89077887049
2017-05-15 19:00:00,1660.27446701595
2017-05-15 19:01:00,1660.27446701595
2017-05-15 19:02:00,1660.27446701595
2017-05-15 19:03:00,1660.27446701595
2017-05-15 19:04:00,1660.27446701595
2017-05-15 19:05:00,1660.27446701595
2017-05-15 19:06:00,1660.27446701595
2017-05-15 19:07:00,1660.27446701595
2017-05-15 19:08:00,1660.27446701595
2017-05-15 19:09:00,1651.79241278494
2017-05-15 19:10:00,1658.10671375238
2017-05-15 19:11:00,1658.10671375238
2017-05-15 19:12:00,1658.10671375238
2017-05-15 19:13:00,1658.10671375238
2017-05-15 19:14:00,1658.10671375238
2017-05-15 19:15:00,1658.10671375238
2017-05-15 19:16:00,1658.10671375238
2017-05-15 19:17:00,1658.10671375238
2017-05-15 19:18:00,1658.10671375238
2017-05-15 19:19:00,1650.23718918154
2017-05-15 19:20:00,1656.28390468984
2017-05-15 19:21:00,1656.28390468984
2017-05-15 19:22:00,1656.28390468984
2017-05-15 19:23:00,1656.28390468984
2017-05-15 19:24:00,1656.28390468984
2017-05-15 19:25:00,1656.28390468984
2017-05-15 19:26:00,1656.28390468984
2017-05-15 19:27:00,1656.28390468984
2017-05-15 19:28:00,1656.28390468984
2017-05-15 19:29:00,1642.7102037414
2017-05-15 19:30:00,1651.99375204596
2017-05-15 19:31:00,1651.99375204596
2017-05-15 19:32:00,1651.99375204596
2017-05-15 19:33:00,1651.99375204596
2017-05-15 19:34:00,1651.99375204596
2017-05-15 19:35:00,1651.99375204596
2017-05-15 19:36:00,1651.99375204596
2017-05-15 19:37:00,1651.99375204596
2017-05-15 19:38:00,1651.99375204596
2017-05-15 19:39:00,1641.50080779787
2017-05-15 19:40:00,1644.58353362325
2017-05-15 19:41:00,1644.58353362325
2017-05-15 19:42:00,1644.58353362325
2017-05-15 19:43:00,1644.58353362325
2017-05-15 19:44:00,1644.58353362325
2017-05-15 19:45:00,1644.58353362325
2017-05-15 19:46:00,1644.58353362325
2017-05-15 19:47:00,1644.58353362325
2017-05-15 19:48:00,1644.58353362325
2017-05-15 19:49:00,1642.68665596128
2017-05-15 19:50:00,1643.90022559234
2017-05-15 19:51:00,1643.90022559234
2017-05-15 19:52:00,1643.90022559234
2017-05-15 19:53:00,1643.90022559234
2017-05-15 19:54:00,1643.90022559234
2017-05-15 19:55:00,1643.90022559234
2017-05-15 19:56:00,1643.90022559234
2017-05-15 19:57:00,1643.90022559234
2017-05-15 19:58:00,1643.90022559234
2017-05-15 19:59:00,1628.05214639573
2017-05-15 20:00:00,1726.66773781959
2017-05-15 20:01:00,1726.66773781959
2017-05-15 20:02:00,1726.66773781959
2017-05-15 20:03:00,1726.66773781959
2017-05-15 20:04:00,1726.66773781959
2017-05-15 20:05:00,1726.66773781959
2017-05-15 20:06:00,1726.66773781959
2017-05-15 20:07:00,1726.66773781959
2017-05-15 20:08:00,1726.66773781959
2017-05-15 20:09:00,1725.87383686392
2017-05-15 20:10:00,1731.86414609701
2017-05-15 20:11:00,1731.86414609701
2017-05-15 20:12:00,1731.86414609701
2017-05-15 20:13:00,1731.86414609701
2017-05-15 20:14:00,1731.86414609701
2017-05-15 20:15:00,1731.86414609701
2017-05-15 20:16:00,1731.86414609701
2017-05-15 20:17:00,1731.86414609701
2017-05-15 20:18:00,1731.86414609701
2017-05-15 20:19:00,1725.98568442814
2017-05-15 20:20:00,1731.83369780052
2017-05-15 20:21:00,1731.83369780052
2017-05-15 20:22:00,1731.83369780052
2017-05-15 20:23:00,1731.83369780052
2017-05-15 20:24:00,1731.83369780052
2017-05-15 20:25:00,1731.83369780052
2017-05-15 20:26:00,1731.83369780052
2017-05-15 20:27:00,1731.83369780052
2017-05-15 20:28:00,1731.83369780052
2017-05-15 20:29:00,1730.61890293908
2017-05-15 20:30:00,1742.00961445233
2017-05-15 20:31:00,1742.00961445233
2017-05-15 20:32:00,1742.00961445233
2017-05-15 20:33:00,1742.00961445233
2017-05-15 20:34:00,1742.00961445233
2017-05-15 20:35:00,1742.00961445233
2017-05-15 20:36:00,1742.00961445233
2017-05-15 20:37:00,1742.00961445233
2017-05-15 20:38:00,1742.00961445233
2017-05-15 20:39:00,1739.94920372675
2017-05-15 20:40:00,1747.15221663999
2017-05-15 20:41:00,1747.15221663999
2017-05-15 20:42:00,1747.15221663999
2017-05-15 20:43:00,1747.15221663999
2017-05-15 20:44:00,1747.15221663999
2017-05-15 20:45:00,1747.15221663999
2017-05-15 20:46:00,1747.15221663999
2017-05-15 20:47:00,1747.15221663999
2017-05-15 20:48:00,1747.15221663999
2017-05-15 20:49:00,1740.62222707654
2017-05-15 20:50:00,1744.44946667474
2017-05-15 20:51:00,1744.44946667474
2017-05-15 20:52:00,1744.44946667474
2017-05-15 20:53:00,1744.44946667474
2017-05-15 20:54:00,1744.44946667474
2017-05-15 20:55:00,1744.44946667474
2017-05-15 20:56:00,1744.44946667474
2017-05-15 20:57:00,1744.44946667474
2017-05-15 20:58:00,1744.44946667474
2017-05-15 20:59:00,1733.01895859712
2017-05-15 21:00:00,1387.60940457161
2017-05-15 21:01:00,1387.60940457161
2017-05-15 21:02:00,1387.60940457161
2017-05-15 21:03:00,1387.60940457161
2017-05-15 21:04:00,1387.60940457161
2017-05-15 21:05:00,1387.60940457161
2017-05-15 21:06:00,1387.60940457161
2017-05-15 21:07:00,1387.60940457161
2017-05-15 21:08:00,1387.60940457161
2017-05-15 21:09:00,1381.19388794873
2017-05-15 21:10:00,1374.78392528406
2017-05-15 21:11:00,1374.78392528406
2017-05-15 21:12:00,1374.78392528406
2017-05-15 21:13:00,1374.78392528406
2017-05-15 21:14:00,1374.78392528406
2017-05-15 21:15:00,1374.78392528406
2017-05-15 21:16:00,1374.78392528406
2017-05-15 21:17:00,1374.78392528406
2017-05-15 21:18:00,1374.78392528406
2017-05-15 21:19:00,1369.94816496296
2017-05-15 21:20:00,1370.76692948748
2017-05-15 21:21:00,1370.76692948748
2017-05-15 21:22:00,1370.76692948748
2017-05-15 21:23:00,1370.76692948748
2017-05-15 21:24:00,1370.76692948748
2017-05-15 21:25:00,1370.76692948748
2017-05-15 21:26:00,1370.76692948748
2017-05-15 21:27:00,1370.76692948748
2017-05-15 21:28:00,1370.76692948748
2017-05-15 21:29:00,1368.19765013099
2017-05-15 21:30:00,1365.76859102077
2017-05-15 21:31:00,1365.76859102077
2017-05-15 21:32:00,1365.76859102077
2017-05-15 21:33:00,1365.76859102077
2017-05-15 21:34:00,1365.76859102077
2017-05-15 21:35:00,1365.76859102077
2017-05-15 21:36:00,1365.76859102077
2017-05-15 21:37:00,1365.76859102077
2017-05-15 21:38:00,1365.76859102077
2017-05-15 21:39:00,1366.34471323714
2017-05-15 21:40:00,1370.14459860397
2017-05-15 21:41:00,1370.14459860397
2017-05-15 21:42:00,1370.14459860397
2017-05-15 21:43:00,1370.14459860397
2017-05-15 21:44:00,1370.14459860397
2017-05-15 21:45:00,1370.14459860397
2017-05-15 21:46:00,1370.14459860397
2017-05-15 21:47:00,1370.14459860397
2017-05-15 21:48:00,1370.14459860397
2017-05-15 21:49:00,1375.85889046153
2017-05-15 21:50:00,1385.8690205558
2017-05-15 21:51:00,1385.8690205558
2017-05-15 21:52:00,1385.8690205558
2017-05-15 21:53:00,1385.8690205558
2017-05-15 21:54:00,1385.8690205558
2017-05-15 21:55:00,1385.8690205558
2017-05-15 21:56:00,1385.8690205558
2017-05-15 21:57:00,1385.8690205558
2017-05-15 21:58:00,1385.8690205558
2017-05-15 21:59:00,1395.29597474427
2017-05-15 22:00:00,1796.00360980498
2017-05-15 22:01:00,1796.00360980498
2017-05-15 22:02:00,1796.00360980498
2017-05-15 22:03:00,1796.00360980498
2017-05-15 22:04:00,1796.00360980498
2017-05-15 22:05:00,1796.00360980498
2017-05-15 22:06:00,1796.00360980498
2017-05-15 22:07:00,1796.00360980498
2017-05-15 22:08:00,1796.00360980498
2017-05-15 22:09:00,1801.43735213374
2017-05-15 22:10:00,1772.23003019204
2017-05-15 22:11:00,1772.23003019204
2017-05-15 22:12:00,1772.23003019204
2017-05-15 22:13:00,1772.23003019204
2017-05-15 22:14:00,1772.23003019204
2017-05-15 22:15:00,1772.23003019204
2017-05-15 22:16:00,1772.23003019204
2017-05-15 22:17:00,1772.23003019204
2017-05-15 22:18:00,1772.23003019204
2017-05-15 22:19:00,1780.67719427089
2017-05-15 22:20:00,1765.5323486381
2017-05-15 22:21:00,1765.5323486381
2017-05-15 22:22:00,1765.5323486381
2017-05-15 22:23:00,1765.5323486381
2017-05-15 22:24:00,1765.5323486381
2017-05-15 22:25:00,1765.5323486381
2017-05-15 22:26:00,1765.5323486381
2017-05-15 22:27:00,1765.5323486381
2017-05-15 22:28:00,1765.5323486381
2017-05-15 22:29:00,1788.30067332299
2017-05-15 22:30:00,1756.69526556386
2017-05-15 22:31:00,1756.69526556386
2017-05-15 22:32:00,1756.69526556386
2017-05-15 22:33:00,1756.69526556386
2017-05-15 22:34:00,1756.69526556386
2017-05-15 22:35:00,1756.69526556386
2017-05-15 22:36:00,1756.69526556386
2017-05-15 22:37:00,1756.69526556386
2017-05-15 22:38:00,1756.69526556386
2017-05-15 22:39:00,1777.29058139407
2017-05-15 22:40:00,1757.18279964654
2017-05-15 22:41:00,1757.18279964654
2017-05-15 22:42:00,1757.18279964654
2017-05-15 22:43:00,1757.18279964654
2017-05-15 22:44:00,1757.18279964654
2017-05-15 22:45:00,1757.18279964654
2017-05-15 22:46:00,1757.18279964654
2017-05-15 22:47:00,1757.18279964654
2017-05-15 22:48:00,1757.18279964654
2017-05-15 22:49:00,1764.79397372285
2017-05-15 22:50:00,1740.88740760565
2017-05-15 22:51:00,1740.88740760565
2017-05-15 22:52:00,1740.88740760565
2017-05-15 22:53:00,1740.88740760565
2017-05-15 22:54:00,1740.88740760565
2017-05-15 22:55:00,1740.88740760565
2017-05-15 22:56:00,1740.88740760565
2017-05-15 22:57:00,1740.88740760565
2017-05-15 22:58:00,1740.88740760565
2017-05-15 22:59:00,1782.36806412785
2017-05-15 23:00:00,1351.77612651074
2017-05-15 23:01:00,1351.77612651074
2017-05-15 23:02:00,1351.77612651074
2017-05-15 23:03:00,1351.77612651074
2017-05-15 23:04:00,1351.77612651074
2017-05-15 23:05:00,1351.77612651074
2017-05-15 23:06:00,1351.77612651074
2017-05-15 23:07:00,1351.77612651074
2017-05-15 23:08:00,1351.77612651074
2017-05-15 23:09:00,1354.00318249886
2017-05-15 23:10:00,1316.33382804581
2017-05-15 23:11:00,1316.33382804581
2017-05-15 23:12:00,1316.33382804581
2017-05-15 23:13:00,1316.33382804581
2017-05-15 23:14:00,1316.33382804581
2017-05-15 23:15:00,1316.33382804581
2017-05-15 23:16:00,1316.33382804581
2017-05-15 23:17:00,1316.33382804581
2017-05-15 23:18:00,1316.33382804581
2017-05-15 23:19:00,1317.38881522916
2017-05-15 23:20:00,1304.3697716101
2017-05-15 23:21:00,1304.3697716101
2017-05-15 23:22:00,1304.3697716101
2017-05-15 23:23:00,1304.3697716101
2017-05-15 23:24:00,1304.3697716101
2017-05-15 23:25:00,1304.3697716101
2017-05-15 23:26:00,1304.3697716101
2017-05-15 23:27:00,1304.3697716101
2017-05-15 23:28:00,1304.3697716101
2017-05-15 23:29:00,1307.5526968336
2017-05-15 23:30:00,1291.19869556589
2017-05-15 23:31:00,1291.19869556589
2017-05-15 23:32:00,1291.19869556589
2017-05-15 23:33:00,1291.19869556589
2017-05-15 23:34:00,1291.19869556589
2017-05-15 23:35:00,1291.19869556589
2017-05-15 23:36:00,1291.19869556589
2017-05-15 23:37:00,1291.19869556589
2017-05-15 23:38:00,1291.19869556589
2017-05-15 23:39:00,1296.54415271837
2017-05-15 23:40:00,1290.17899517493
2017-05-15 23:41:00,1290.17899517493
2017-05-15 23:42:00,1290.17899517493
2017-05-15 23:43:00,1290.17899517493
2017-05-15 23:44:00,1290.17899517493
2017-05-15 23:45:00,1290.17899517493
2017-05-15 23:46:00,1290.17899517493
2017-05-15 23:47:00,1290.17899517493
2017-05-15 23:48:00,1290.17899517493
2017-05-15 23:49:00,1295.44563440586
2017-05-15 23:50:00,1287.10827556809
2017-05-15 23:51:00,1287.10827556809
2017-05-15 23:52:00,1287.10827556809
2017-05-15 23:53:00,1287.10827556809
2017-05-15 23:54:00,1287.10827556809
2017-05-15 23:55:00,1287.10827556809
2017-05-15 23:56:00,1287.10827556809
2017-05-15 23:57:00,1287.10827556809
2017-05-15 23:58:00,1287.10827556809
2017-05-15 23:59:00,1295.02958256366
2017-05-16 00:00:00,1290.14054119922
2017-05-16 00:01:00,1290.14054119922
2017-05-16 00:02:00,1290.14054119922
2017-05-16 00:03:00,1290.14054119922
2017-05-16 00:04:00,1290.14054119922
2017-05-16 00:05:00,1290.14054119922
2017-05-16 00:06:00,1290.14054119922
2017-05-16 00:07:00,1290.14054119922
2017-05-16 00:08:00,1290.14054119922
2017-05-16 00:09:00,1294.72259285934
2017-05-16 00:10:00,1283.64813031786
2017-05-16 00:11:00,1283.64813031786
2017-05-16 00:12:00,1283.64813031786
2017-05-16 00:13:00,1283.64813031786
2017-05-16 00:14:00,1283.64813031786
2017-05-16 00:15:00,1283.64813031786
2017-05-16 00:16:00,1283.64813031786
2017-05-16 00:17:00,1283.64813031786
2017-05-16 00:18:00,1283.64813031786
2017-05-16 00:19:00,1290.75366481644
2017-05-16 00:20:00,1278.75635204067
2017-05-16 00:21:00,1278.75635204067
2017-05-16 00:22:00,1278.75635204067
2017-05-16 00:23:00,1278.75635204067
2017-05-16 00:24:00,1278.75635204067
2017-05-16 00:25:00,1278.75635204067
2017-05-16 00:26:00,1278.75635204067
2017-05-16 00:27:00,1278.75635204067
2017-05-16 00:28:00,1278.75635204067
2017-05-16 00:29:00,1281.36321108203
2017-05-16 00:30:00,1273.36293873321
2017-05-16 00:31:00,1273.36293873321
2017-05-16 00:32:00,1273.36293873321
2017-05-16 00:33:00,1273.36293873321
2017-05-16 00:34:00,1273.36293873321
2017-05-16 00:35:00,1273.36293873321
2017-05-16 00:36:00,1273.36293873321
2017-05-16 00:37:00,1273.36293873321
2017-05-16 00:38:00,1273.36293873321
2017-05-16 00:39:00,1274.43047221083
2017-05-16 00:40:00,1269.31843689612
2017-05-16 00:41:00,1269.31843689612
2017-05-16 00:42:00,1269.31843689612
2017-05-16 00:43:00,1269.31843689612
2017-05-16 00:44:00,1269.31843689612
2017-05-16 00:45:00,1269.31843689612
2017-05-16 00:46:00,1269.31843689612
2017-05-16 00:47:00,1269.31843689612
2017-05-16 00:48:00,1269.31843689612
2017-05-16 00:49:00,1271.10455984376
2017-05-16 00:50:00,1269.33440761362
2017-05-16 00:51:00,1269.33440761362
2017-05-16 00:52:00,1269.33440761362
2017-05-16 00:53:00,1269.33440761362
2017-05-16 00:54:00,1269.33440761362
2017-05-16 00:55:00,1269.33440761362
2017-05-16 00:56:00,1269.33440761362
2017-05-16 00:57:00,1269.33440761362
2017-05-16 00:58:00,1269.33440761362
2017-05-16 00:59:00,1270.34825651262
2017-05-16 01:00:00,1197.89707004655
2017-05-16 01:01:00,1197.89707004655
2017-05-16 01:02:00,1197.89707004655
2017-05-16 01:03:00,1197.89707004655
2017-05-16 01:04:00,1197.89707004655
2017-05-16 01:05:00,1197.89707004655
2017-05-16 01:06:00,1197.89707004655
2017-05-16 01:07:00,1197.89707004655
2017-05-16 01:08:00,1197.89707004655
2017-05-16 01:09:00,1199.08945431099
2017-05-16 01:10:00,1196.66337553679
2017-05-16 01:11:00,1196.66337553679
2017-05-16 01:12:00,1196.66337553679
2017-05-16 01:13:00,1196.66337553679
2017-05-16 01:14:00,1196.66337553679
2017-05-16 01:15:00,1196.66337553679
2017-05-16 01:16:00,1196.66337553679
2017-05-16 01:17:00,1196.66337553679
2017-05-16 01:18:00,1196.66337553679
2017-05-16 01:19:00,1199.92586517935
2017-05-16 01:20:00,1197.42928566754
2017-05-16 01:21:00,1197.42928566754
2017-05-16 01:22:00,1197.42928566754
2017-05-16 01:23:00,1197.42928566754
2017-05-16 01:24:00,1197.42928566754
2017-05-16 01:25:00,1197.42928566754
2017-05-16 01:26:00,1197.42928566754
2017-05-16 01:27:00,1197.42928566754
2017-05-16 01:28:00,1197.42928566754
2017-05-16 01:29:00,1197.12034348834
2017-05-16 01:30:00,1193.68883821133
2017-05-16 01:31:00,1193.68883821133
2017-05-16 01:32:00,1193.68883821133
2017-05-16 01:33:00,1193.68883821133
2017-05-16 01:34:00,1193.68883821133
2017-05-16 01:35:00,1193.68883821133
2017-05-16 01:36:00,1193.68883821133
2017-05-16 01:37:00,1193.68883821133
2017-05-16 01:38:00,1193.68883821133
2017-05-16 01:39:00,1194.36292936072
2017-05-16 01:40:00,1192.91667857797
2017-05-16 01:41:00,1192.91667857797
2017-05-16 01:42:00,1192.91667857797
2017-05-16 01:43:00,1192.91667857797
2017-05-16 01:44:00,1192.91667857797
2017-05-16 01:45:00,1192.91667857797
2017-05-16 01:46:00,1192.91667857797
2017-05-16 01:47:00,1192.91667857797
2017-05-16 01:48:00,1192.91667857797
2017-05-16 01:49:00,1193.28311600483
2017-05-16 01:50:00,1192.03350580388
2017-05-16 01:51:00,1192.03350580388
2017-05-16 01:52:00,1192.03350580388
2017-05-16 01:53:00,1192.03350580388
2017-05-16 01:54:00,1192.03350580388
2017-05-16 01:55:00,1192.03350580388
2017-05-16 01:56:00,1192.03350580388
2017-05-16 01:57:00,1192.03350580388
2017-05-16 01:58:00,1192.03350580388
2017-05-16 01:59:00,1193.20697092341
2017-05-16 02:00:00,1199.46531012101
2017-05-16 02:01:00,1199.46531012101
2017-05-16 02:02:00,1199.46531012101
2017-05-16 02:03:00,1199.46531012101
2017-05-16 02:04:00,1199.46531012101
2017-05-16 02:05:00,1199.46531012101
2017-05-16 02:06:00,1199.46531012101
2017-05-16 02:07:00,1199.46531012101
2017-05-16 02:08:00,1199.46531012101
2017-05-16 02:09:00,1199.71743888484
2017-05-16 02:10:00,1197.77865620469
2017-05-16 02:11:00,1197.77865620469
2017-05-16 02:12:00,1197.77865620469
2017-05-16 02:13:00,1197.77865620469
2017-05-16 02:14:00,1197.77865620469
2017-05-16 02:15:00,1197.77865620469
2017-05-16 02:16:00,1197.77865620469
2017-05-16 02:17:00,1197.77865620469
2017-05-16 02:18:00,1197.77865620469
2017-05-16 02:19:00,1199.42896298666
2017-05-16 02:20:00,1198.60633601868
2017-05-16 02:21:00,1198.60633601868
2017-05-16 02:22:00,1198.60633601868
2017-05-16 02:23:00,1198.60633601868
2017-05-16 02:24:00,1198.60633601868
2017-05-16 02:25:00,1198.60633601868
2017-05-16 02:26:00,1198.60633601868
2017-05-16 02:27:00,1198.60633601868
2017-05-16 02:28:00,1198.60633601868
2017-05-16 02:29:00,1200.10026563418
2017-05-16 02:30:00,1198.5755497106
2017-05-16 02:31:00,1198.5755497106
2017-05-16 02:32:00,1198.5755497106
2017-05-16 02:33:00,1198.5755497106
2017-05-16 02:34:00,1198.5755497106
2017-05-16 02:35:00,1198.5755497106
2017-05-16 02:36:00,1198.5755497106
2017-05-16 02:37:00,1198.5755497106
2017-05-16 02:38:00,1198.5755497106
2017-05-16 02:39:00,1200.41228184153
2017-05-16 02:40:00,1198.55495667574
2017-05-16 02:41:00,1198.55495667574
2017-05-16 02:42:00,1198.55495667574
2017-05-16 02:43:00,1198.55495667574
2017-05-16 02:44:00,1198.55495667574
2017-05-16 02:45:00,1198.55495667574
2017-05-16 02:46:00,1198.55495667574
2017-05-16 02:47:00,1198.55495667574
2017-05-16 02:48:00,1198.55495667574
2017-05-16 02:49:00,1200.16760551853
2017-05-16 02:50:00,1198.03897793689
2017-05-16 02:51:00,1198.03897793689
2017-05-16 02:52:00,1198.03897793689
2017-05-16 02:53:00,1198.03897793689
2017-05-16 02:54:00,1198.03897793689
2017-05-16 02:55:00,1198.03897793689
2017-05-16 02:56:00,1198.03897793689
2017-05-16 02:57:00,1198.03897793689
2017-05-16 02:58:00,1198.03897793689
2017-05-16 02:59:00,1200.75454223809
2017-05-16 03:00:00,1002.18208829339
2017-05-16 03:01:00,1002.18208829339
2017-05-16 03:02:00,1002.18208829339
2017-05-16 03:03:00,1002.18208829339
2017-05-16 03:04:00,1002.18208829339
2017-05-16 03:05:00,1002.18208829339
2017-05-16 03:06:00,1002.18208829339
2017-05-16 03:07:00,1002.18208829339
2017-05-16 03:08:00,1002.18208829339
2017-05-16 03:09:00,1003.69146665635
2017-05-16 03:10:00,1001.855374166
2017-05-16 03:11:00,1001.855374166
2017-05-16 03:12:00,1001.855374166
2017-05-16 03:13:00,1001.855374166
2017-05-16 03:14:00,1001.855374166
2017-05-16 03:15:00,1001.855374166
2017-05-16 03:16:00,1001.855374166
2017-05-16 03:17:00,1001.855374166
2017-05-16 03:18:00,1001.855374166
2017-05-16 03:19:00,1002.39963843891
2017-05-16 03:20:00,1000.84738027539
2017-05-16 03:21:00,1000.84738027539
2017-05-16 03:22:00,1000.84738027539
2017-05-16 03:23:00,1000.84738027539
2017-05-16 03:24:00,1000.84738027539
2017-05-16 03:25:00,1000.84738027539
2017-05-16 03:26:00,1000.84738027539
2017-05-16 03:27:00,1000.84738027539
2017-05-16 03:28:00,1000.84738027539
2017-05-16 03:29:00,1003.84541125828
2017-05-16 03:30:00,1002.95745177004
2017-05-16 03:31:00,1002.95745177004
2017-05-16 03:32:00,1002.95745177004
2017-05-16 03:33:00,1002.95745177004
2017-05-16 03:34:00,1002.95745177004
2017-05-16 03:35:00,1002.95745177004
2017-05-16 03:36:00,1002.95745177004
2017-05-16 03:37:00,1002.95745177004
2017-05-16 03:38:00,1002.95745177004
2017-05-16 03:39:00,1003.7356937052
2017-05-16 03:40:00,1002.18679691256
2017-05-16 03:41:00,1002.18679691256
2017-05-16 03:42:00,1002.18679691256
2017-05-16 03:43:00,1002.18679691256
2017-05-16 03:44:00,1002.18679691256
2017-05-16 03:45:00,1002.18679691256
2017-05-16 03:46:00,1002.18679691256
2017-05-16 03:47:00,1002.18679691256
2017-05-16 03:48:00,1002.18679691256
2017-05-16 03:49:00,1003.25130304811
2017-05-16 03:50:00,1002.33756657503
2017-05-16 03:51:00,1002.33756657503
2017-05-16 03:52:00,1002.33756657503
2017-05-16 03:53:00,1002.33756657503
2017-05-16 03:54:00,1002.33756657503
2017-05-16 03:55:00,1002.33756657503
2017-05-16 03:56:00,1002.33756657503
2017-05-16 03:57:00,1002.33756657503
2017-05-16 03:58:00,1002.33756657503
2017-05-16 03:59:00,1002.33756657503
